Actual,Predicted,Probability
0,0,0.09
0,0,0.005
0,0,0.03
0,0,0.0
0,0,0.015
0,0,0.0
0,0,0.01
0,0,0.0
0,0,0.0
0,0,0.005
0,0,0.0
0,0,0.0
0,0,0.0
0,0,0.0
0,0,0.005
0,0,0.005
0,0,0.0
1,1,0.62
0,0,0.015
0,0,0.0
0,0,0.0
1,1,0.985
0,0,0.02
0,0,0.0
0,0,0.0
0,0,0.0
0,0,0.0
0,0,0.0
0,0,0.0
0,0,0.0
0,0,0.005
0,0,0.0
0,0,0.0
0,0,0.005
0,0,0.0
0,0,0.01
0,0,0.0
0,0,0.0
0,0,0.0
0,0,0.0
1,1,0.95
0,0,0.005
0,0,0.005
1,1,0.9
0,0,0.0
0,0,0.0
0,0,0.0
0,0,0.0
0,0,0.0
0,0,0.0
0,0,0.0
0,0,0.015
0,0,0.0
0,0,0.0
0,0,0.0
0,0,0.0
0,0,0.0
0,0,0.0
0,0,0.0
0,0,0.0
0,0,0.0
0,0,0.0
0,0,0.0
0,0,0.0
1,1,0.965
1,1,0.87
0,0,0.0
0,0,0.0
0,0,0.0
0,0,0.0
0,0,0.0
0,0,0.0
0,0,0.0
0,0,0.0
0,0,0.0
0,0,0.0
0,0,0.0
0,0,0.0
0,0,0.005
0,0,0.0
0,0,0.075
0,0,0.0
0,0,0.0
0,0,0.0
0,0,0.0
0,0,0.005
0,0,0.0
0,0,0.0
0,0,0.03625
0,0,0.0
0,0,0.08
0,0,0.0
0,0,0.0
0,0,0.01
0,0,0.0
0,0,0.005
0,0,0.295
1,1,0.9
0,0,0.0
0,0,0.0
0,0,0.0
0,0,0.09
0,0,0.0
0,0,0.0
0,0,0.0
0,0,0.0
0,0,0.0
0,0,0.0
0,0,0.0
0,0,0.0
0,0,0.0
0,0,0.0
0,0,0.0
0,0,0.0
0,0,0.08181818181818183
0,0,0.0
0,0,0.0
0,0,0.0
0,0,0.0
0,0,0.0
0,0,0.0
1,1,0.63
0,0,0.01
0,0,0.0
0,0,0.0
0,0,0.0
0,0,0.0
1,1,0.78
0,0,0.0
0,0,0.0
0,0,0.0
0,0,0.045
0,0,0.0
0,0,0.0
0,0,0.0
0,0,0.0
0,0,0.0
0,0,0.005
0,0,0.0
0,0,0.0
0,0,0.0
0,0,0.0
0,0,0.0
0,0,0.0
1,1,0.655
0,0,0.12015151515151516
0,0,0.03
0,0,0.0
0,0,0.0
0,0,0.0
0,0,0.0
0,0,0.0
0,0,0.0
0,0,0.01
0,0,0.06
0,0,0.0
0,0,0.0
0,0,0.0
0,0,0.0
1,1,0.93
0,0,0.0
0,0,0.0
0,0,0.0
0,0,0.0
0,0,0.0
0,0,0.0
0,0,0.0
0,0,0.0
0,0,0.005
0,0,0.0
0,0,0.01
0,0,0.0
0,0,0.0
0,0,0.01125
0,0,0.0
0,0,0.0
0,0,0.0
0,0,0.0
0,0,0.005
0,0,0.0
0,0,0.0
0,0,0.0
0,0,0.0
0,0,0.0
0,0,0.0
0,0,0.005
0,0,0.0
0,0,0.01
0,0,0.0
0,0,0.025
0,0,0.0
0,0,0.0
0,0,0.13
0,0,0.0
0,0,0.005
0,0,0.0
0,0,0.0
0,0,0.025
0,0,0.0
0,0,0.0
0,0,0.005
0,0,0.025
0,0,0.0
0,0,0.0
0,0,0.0
0,0,0.0
0,0,0.0
0,0,0.0
0,0,0.0
0,0,0.0
0,0,0.005
0,0,0.0
0,0,0.0
0,0,0.0
0,0,0.005
0,0,0.0
0,0,0.02
0,0,0.005
0,0,0.005
0,0,0.0
0,0,0.0
0,0,0.0
1,1,0.91
0,0,0.0
0,0,0.0
0,0,0.0
0,0,0.0
0,0,0.0
0,0,0.0
0,0,0.0
0,0,0.0
0,0,0.0
0,0,0.0
0,0,0.0
0,0,0.0
0,0,0.0
0,0,0.0
0,0,0.0
0,0,0.035
0,0,0.0
0,0,0.0
0,0,0.0
0,0,0.0
0,0,0.0
0,0,0.0
0,0,0.0
0,0,0.0
0,0,0.0
0,0,0.01
0,0,0.0
0,0,0.0
0,0,0.0
0,0,0.0
0,0,0.0
0,0,0.0
0,0,0.0
0,0,0.0
0,0,0.0
0,0,0.005
0,0,0.0
0,0,0.0
0,0,0.0
0,0,0.0
0,0,0.0
0,0,0.005
0,0,0.0
0,0,0.0
0,0,0.0
0,0,0.0
0,0,0.01
0,0,0.0
0,0,0.0
0,0,0.005
0,0,0.0
0,0,0.0
0,0,0.0
0,0,0.01
0,0,0.0
0,0,0.0
0,0,0.0
0,0,0.0
0,0,0.0
0,0,0.0
0,0,0.0
0,0,0.01
0,0,0.005
0,0,0.0
0,0,0.01
0,0,0.005
0,0,0.0
0,0,0.0
0,0,0.0
0,0,0.0
0,0,0.005
0,0,0.0
0,0,0.0
0,0,0.0
0,0,0.0
0,0,0.0
0,0,0.0
0,0,0.0
0,0,0.05
0,0,0.015
0,0,0.005
0,0,0.0
0,0,0.0
0,0,0.0
0,0,0.005
0,0,0.0
0,0,0.0
0,0,0.0
0,0,0.0
0,0,0.0
0,0,0.0
0,0,0.0
0,0,0.0
0,0,0.0
0,0,0.005
0,0,0.0
0,0,0.05
0,0,0.0
0,0,0.0
0,0,0.0
0,0,0.005
0,0,0.0
0,0,0.01
0,0,0.0
0,0,0.02
0,0,0.005
0,0,0.0
0,0,0.0
0,0,0.0
0,0,0.0
0,0,0.0
0,0,0.0
0,0,0.005
0,0,0.0
0,0,0.05
0,0,0.0
0,0,0.01
0,0,0.0
0,0,0.0
1,1,0.915
0,0,0.0
0,0,0.0
0,0,0.02
1,0,0.35
0,0,0.03
0,0,0.0
0,0,0.0
0,0,0.0
0,0,0.0
0,0,0.02
0,0,0.005
0,0,0.035
0,0,0.0
0,0,0.0
0,0,0.0
0,0,0.0
0,0,0.005
0,0,0.0
0,0,0.0
0,0,0.0
0,0,0.0
0,0,0.005
0,0,0.0
0,0,0.0
0,0,0.0
0,0,0.0
0,0,0.02
0,0,0.0
0,0,0.0
0,0,0.0
0,0,0.0
0,0,0.0
0,0,0.0
0,0,0.0
0,0,0.045
0,0,0.0
0,0,0.0
0,0,0.0
0,0,0.0
0,0,0.0
0,0,0.005
0,0,0.0
0,0,0.0
0,0,0.0
0,0,0.0
1,1,0.97
0,0,0.0
0,0,0.02515151515151515
0,0,0.0
0,0,0.0
0,0,0.0
0,0,0.0
0,0,0.0
0,0,0.0
0,0,0.0
0,0,0.0
0,0,0.0
0,0,0.0
0,0,0.0
0,0,0.0
0,0,0.0
0,0,0.0
0,0,0.0
0,0,0.0
0,0,0.0
0,0,0.0
0,0,0.005
0,0,0.0
0,0,0.0
0,0,0.0
0,0,0.0
0,0,0.01
0,0,0.0
0,0,0.0
0,0,0.0
0,0,0.0
0,0,0.0
0,0,0.0
0,0,0.035
0,0,0.0
0,0,0.0
0,0,0.0
0,0,0.0
0,0,0.0
0,0,0.025
0,0,0.0
0,0,0.0
0,0,0.015
0,0,0.02
0,0,0.0
0,0,0.03
0,0,0.005
0,0,0.0
0,0,0.0
0,0,0.005151515151515152
0,0,0.0
0,0,0.015
0,0,0.0
0,0,0.0
0,0,0.0
0,0,0.025
0,0,0.0
0,0,0.0
0,0,0.0
0,0,0.01
0,0,0.04
0,0,0.0
0,0,0.0
0,0,0.0
0,0,0.005
0,0,0.0
0,0,0.0
0,0,0.0
0,0,0.0
0,0,0.0
0,0,0.0
0,0,0.0
0,0,0.01
0,0,0.0
0,0,0.0
0,0,0.0
0,0,0.0
0,0,0.01
0,0,0.0
0,0,0.0
0,0,0.0
0,0,0.0
0,0,0.0
0,0,0.005
0,0,0.0
0,0,0.01
0,0,0.0
0,0,0.020151515151515153
0,0,0.0
0,0,0.0
0,0,0.0
0,0,0.0
0,0,0.0
0,0,0.0
0,0,0.0
0,0,0.005
0,0,0.0
0,0,0.0
0,0,0.0
0,0,0.0
0,0,0.04
0,0,0.0
0,0,0.0
0,0,0.0
0,0,0.0
0,0,0.0
0,0,0.0
0,0,0.0
0,0,0.0
0,0,0.0
0,0,0.02
0,0,0.0
0,0,0.01
0,0,0.0
1,1,0.94
1,1,0.88
0,0,0.01
0,0,0.0
0,0,0.015
0,0,0.0
0,0,0.01
0,0,0.0
0,0,0.005
0,0,0.0
0,0,0.0
0,0,0.0
0,0,0.0
0,0,0.01
0,0,0.0
0,0,0.005
0,0,0.005
0,0,0.0
0,0,0.005
0,0,0.0
0,0,0.0
0,0,0.005
1,1,0.975
0,0,0.01
0,0,0.0
0,0,0.0
0,0,0.005
0,0,0.0
0,0,0.0
0,0,0.01
0,0,0.0
0,0,0.01
0,0,0.0
0,0,0.0
0,0,0.04
0,0,0.0
0,0,0.0
0,0,0.0
0,0,0.0
0,0,0.0
0,0,0.0
0,0,0.0
0,0,0.00015151515151515152
0,0,0.0
0,0,0.0
0,0,0.0
0,0,0.0
1,1,0.67
0,0,0.0
0,0,0.055
0,0,0.0
0,0,0.0
0,0,0.0
0,0,0.0
0,0,0.025
0,0,0.0
0,0,0.0
0,0,0.005
0,0,0.0
0,0,0.0
1,1,0.86
0,0,0.0
0,0,0.005
0,0,0.0
0,0,0.0
0,0,0.0
0,0,0.0
0,0,0.0
0,0,0.0
0,0,0.0
0,0,0.0
0,0,0.0
0,0,0.01
0,0,0.0
0,0,0.0
0,0,0.0
0,0,0.0
0,0,0.0
0,0,0.0
0,0,0.0
0,0,0.0
0,0,0.0
0,0,0.0
0,0,0.0
0,0,0.11666666666666665
0,0,0.0
0,0,0.0
0,0,0.0275
0,0,0.035
0,0,0.03
0,0,0.0
0,0,0.0
0,0,0.0
0,0,0.0
0,0,0.0
0,0,0.0
0,0,0.0
0,0,0.0
0,0,0.0
0,0,0.0
0,0,0.0
0,0,0.0
0,0,0.0
1,0,0.25
0,0,0.0
0,0,0.0
0,0,0.075
0,0,0.0
0,0,0.0
0,0,0.0
0,0,0.0
0,0,0.0
0,0,0.0
0,0,0.0
0,0,0.0
0,0,0.0
0,0,0.0
0,0,0.005
0,0,0.0
0,0,0.0
0,0,0.0
0,0,0.005
0,0,0.01
0,0,0.0
0,0,0.02
0,0,0.0
0,0,0.015
0,0,0.0
0,0,0.0
0,0,0.0
0,0,0.0
0,0,0.0
0,0,0.0
0,0,0.0
0,0,0.005
0,0,0.02
0,0,0.0
0,0,0.0
0,0,0.0
0,0,0.0
0,0,0.0
0,0,0.0
1,1,0.835
1,1,0.91
0,0,0.0
0,0,0.0
0,0,0.0
0,0,0.015
0,0,0.0
0,0,0.0
0,0,0.0
0,0,0.0
0,0,0.0
0,0,0.0
0,0,0.0
0,0,0.0
0,0,0.02
0,0,0.005
0,0,0.0
0,0,0.04
0,0,0.01
0,0,0.0
0,0,0.0
0,0,0.0
1,1,0.99
0,0,0.0
0,0,0.0
0,0,0.0
0,0,0.005
0,0,0.0
0,0,0.0
0,0,0.0
1,1,0.965
0,0,0.0
0,0,0.0
0,0,0.0
0,0,0.0
0,0,0.02
0,0,0.0
0,0,0.0
0,0,0.0
0,0,0.0
0,0,0.005
0,0,0.165
0,0,0.005
0,0,0.0
0,0,0.0
0,0,0.0
0,0,0.0
0,0,0.005
1,1,0.66
0,0,0.0
0,0,0.01
0,0,0.04
0,0,0.0
0,0,0.010151515151515151
0,0,0.11
0,0,0.0
0,0,0.005
0,0,0.0
0,0,0.0
0,0,0.0
0,0,0.0
0,0,0.0
0,0,0.0
0,0,0.02
0,0,0.0
0,0,0.0
0,0,0.005
0,0,0.0
0,0,0.0
0,0,0.005
0,0,0.0
0,0,0.0
0,0,0.12
0,0,0.005
0,0,0.0
0,0,0.0
0,0,0.0
0,0,0.0
0,0,0.0
0,0,0.0
0,0,0.0
0,0,0.0
0,0,0.0
0,0,0.0
0,0,0.0
0,0,0.005
0,0,0.0
0,0,0.0
0,0,0.0
0,0,0.05
0,0,0.0
0,0,0.0
0,0,0.0
0,0,0.0
0,0,0.0
0,0,0.0
0,0,0.07
0,0,0.025
0,0,0.0
0,0,0.0
0,0,0.0
0,0,0.0
0,0,0.0
0,0,0.0
0,0,0.0
0,0,0.0
0,0,0.0
0,0,0.0
0,0,0.01
0,0,0.0
0,0,0.0
0,0,0.0
0,0,0.0
0,0,0.17
0,0,0.0
0,0,0.0
0,0,0.03
0,0,0.0
0,0,0.0
0,0,0.01
0,0,0.0
0,0,0.0
0,0,0.0
0,0,0.0
0,0,0.015
0,0,0.0
0,0,0.005
0,0,0.0
0,0,0.0
0,0,0.0
0,0,0.0
0,0,0.0
1,1,0.86
0,0,0.0
0,0,0.0
1,1,0.96
0,0,0.0
0,0,0.0
1,1,0.85
0,0,0.0
0,0,0.0
0,0,0.06
0,0,0.0
0,0,0.0
0,0,0.0
0,0,0.015
0,0,0.0
0,0,0.0
0,0,0.0
1,1,0.895
0,0,0.0
0,0,0.0
0,0,0.075
0,0,0.0
0,0,0.0
0,0,0.07
0,0,0.0
1,1,0.86
0,0,0.01
0,0,0.0
0,0,0.005
0,0,0.0
0,0,0.0
0,0,0.03
0,0,0.02
0,0,0.0
0,0,0.015
0,0,0.0
0,0,0.0
0,0,0.0
0,0,0.0
0,0,0.0
0,0,0.0
0,0,0.06
0,0,0.0
0,0,0.0
0,0,0.0
0,0,0.0
0,0,0.0
0,0,0.0
0,0,0.0
0,0,0.0
0,0,0.0
0,0,0.0
1,1,0.84
0,0,0.0
0,0,0.0
0,0,0.005
0,0,0.025
0,0,0.0
0,0,0.01
0,0,0.0
0,0,0.015
0,0,0.0
0,0,0.0
0,0,0.0
0,0,0.07
0,0,0.0
0,0,0.0
0,0,0.0
0,0,0.0
0,0,0.0
0,0,0.0
0,0,0.0
0,0,0.0
0,0,0.0
0,0,0.0
0,0,0.0
0,0,0.0
0,0,0.0
0,0,0.0
0,0,0.0
0,0,0.13
0,0,0.0
0,0,0.0
0,0,0.0
0,0,0.0
0,0,0.0
0,0,0.0
0,0,0.0
0,0,0.03
0,0,0.0
0,0,0.005
0,0,0.0
0,0,0.0
0,0,0.0
0,0,0.0
0,0,0.0
0,0,0.0
0,0,0.0
0,0,0.0
0,0,0.0
0,0,0.0
0,0,0.075
0,0,0.0
0,0,0.0
0,0,0.0
0,0,0.0
0,0,0.0
0,0,0.025
0,0,0.0
0,0,0.0
1,1,0.815
0,0,0.01
0,0,0.0
0,0,0.01
0,0,0.0
0,0,0.005
0,0,0.0
0,0,0.0
0,0,0.04
0,0,0.0
0,0,0.0
0,0,0.0
0,0,0.02
0,0,0.0
0,0,0.0
0,0,0.0
0,0,0.0
0,0,0.0
0,0,0.0
0,0,0.01
0,0,0.0
0,0,0.0
0,0,0.0
0,0,0.005
0,0,0.0
0,0,0.0
0,0,0.0
0,0,0.0
0,0,0.0
0,0,0.0
0,0,0.0
0,0,0.0
0,0,0.0
1,1,0.94
1,1,0.88
0,0,0.0
0,0,0.0
0,0,0.025
0,0,0.005
0,0,0.0
0,0,0.0
0,0,0.0
0,0,0.015
0,0,0.0
0,0,0.005
1,1,0.89
0,0,0.0
0,0,0.0
0,0,0.0
0,0,0.005
0,0,0.0
0,0,0.0
0,0,0.0
0,0,0.0
0,0,0.055
0,0,0.0
0,0,0.0
0,0,0.0
0,0,0.005
0,0,0.01
0,0,0.0
0,0,0.0
0,0,0.0
0,0,0.0
0,0,0.0
0,0,0.0
0,0,0.0
0,0,0.0
0,0,0.005
0,0,0.0
0,0,0.005
0,0,0.0
0,0,0.01
0,0,0.0
0,0,0.0
0,0,0.0
0,0,0.0
1,1,0.94
0,0,0.0
0,0,0.0
0,0,0.0
0,0,0.0
0,0,0.01
1,1,0.93
0,0,0.005
0,0,0.0
0,0,0.0
0,0,0.0
0,0,0.0
0,0,0.225
0,0,0.005
0,0,0.0
0,0,0.0
0,0,0.0
0,0,0.0
0,0,0.0
0,0,0.045
0,0,0.0
0,0,0.0
0,0,0.0
0,0,0.0
0,0,0.02
0,0,0.0
0,0,0.0
0,0,0.02
0,0,0.0
0,0,0.0
0,0,0.0
0,0,0.055
0,0,0.0
0,0,0.005
0,0,0.0
0,0,0.045
0,0,0.015
0,0,0.0
0,0,0.01
0,0,0.0
0,0,0.0
0,0,0.0
0,0,0.0
0,0,0.0
0,0,0.0
0,0,0.025
0,0,0.0
0,0,0.0
0,0,0.0
0,0,0.005
0,0,0.0
0,0,0.06
0,0,0.04
0,0,0.0
0,0,0.0
0,0,0.0
0,0,0.0
0,0,0.015
0,0,0.0
0,0,0.0
0,0,0.0
0,0,0.005
0,0,0.0
0,0,0.0
0,0,0.0
0,0,0.0
0,0,0.0
0,0,0.0
0,0,0.0
0,0,0.0
0,0,0.0
0,0,0.0
0,0,0.0
0,0,0.0
0,0,0.005
0,0,0.0
0,0,0.0
0,0,0.0
0,0,0.0
0,0,0.0
0,0,0.0
0,0,0.0
1,0,0.5
0,0,0.0
0,0,0.0
0,0,0.0
0,0,0.005
0,0,0.0
0,0,0.005
0,0,0.0
0,0,0.0
0,0,0.0
0,0,0.0
0,0,0.000625
0,0,0.01
0,0,0.0
0,0,0.0
0,0,0.0
0,0,0.005
0,0,0.01
0,0,0.0
0,0,0.095
0,0,0.0
0,0,0.0
0,0,0.0
0,0,0.005
0,0,0.0
0,0,0.0
0,0,0.0
0,0,0.005
0,0,0.0
0,0,0.0
0,0,0.005
0,0,0.0
0,0,0.0
0,0,0.0
0,0,0.0
0,0,0.0
0,0,0.0
0,0,0.005
0,0,0.02
0,0,0.02
0,0,0.0
0,0,0.0
0,0,0.0
1,1,0.945
0,0,0.005
0,0,0.0
0,0,0.005
0,0,0.01
0,0,0.025
0,0,0.01
0,0,0.035
0,0,0.01
0,0,0.01
0,0,0.0
0,0,0.0
0,0,0.01
0,0,0.015
0,0,0.005
0,0,0.0
0,0,0.0
0,0,0.0
0,0,0.025
0,0,0.0
0,0,0.0
0,0,0.0
0,0,0.0
0,0,0.005
0,0,0.0
0,0,0.0
0,0,0.0
0,0,0.0
0,0,0.0
0,0,0.0
0,0,0.0
0,0,0.005625
0,0,0.0
0,0,0.0
0,0,0.0
0,0,0.0
0,0,0.0
0,0,0.0
0,0,0.005
0,0,0.0
0,0,0.0
0,0,0.01
0,0,0.0
0,0,0.0
0,0,0.0
0,0,0.0
0,0,0.0
0,0,0.0
0,0,0.0
0,0,0.02
0,0,0.0
0,0,0.02
0,0,0.0
0,0,0.005
0,0,0.0
0,0,0.005
0,0,0.0
0,0,0.04125
0,0,0.0
0,0,0.0
0,0,0.0
0,0,0.0
0,0,0.0
0,0,0.0
0,0,0.015
0,0,0.0
0,0,0.0
0,0,0.0
0,0,0.0
0,0,0.0
0,0,0.005
0,0,0.0
0,0,0.0
0,0,0.01
0,0,0.0
0,0,0.005
0,0,0.0
0,0,0.0
0,0,0.0
0,0,0.0
0,0,0.03
0,0,0.0
0,0,0.0
0,0,0.021818181818181816
0,0,0.0
0,0,0.0
0,0,0.0
0,0,0.0
0,0,0.025
0,0,0.005
1,1,0.905
0,0,0.005
0,0,0.0
0,0,0.0
0,0,0.0
0,0,0.0
0,0,0.0
0,0,0.0
0,0,0.01
0,0,0.0
0,0,0.02
1,1,0.955
0,0,0.015
0,0,0.01
0,0,0.0
0,0,0.0
0,0,0.0
0,0,0.0
0,0,0.0
0,0,0.0
0,0,0.005
0,0,0.0
0,0,0.005
0,0,0.0
0,0,0.005
0,0,0.22
0,0,0.0
0,0,0.0
0,0,0.0
0,0,0.0
0,0,0.0
0,0,0.0
0,0,0.0
0,0,0.005
0,0,0.0
0,0,0.0
0,0,0.055
0,0,0.0
0,0,0.29
0,0,0.005
0,0,0.0
0,0,0.005
0,0,0.0
0,0,0.065
0,0,0.0
0,0,0.0
0,0,0.115
1,1,0.89
0,0,0.0
0,0,0.0
1,1,0.86
0,0,0.0
0,0,0.0
0,0,0.0
0,0,0.0
0,0,0.0
0,0,0.0
0,0,0.0
0,0,0.005
0,0,0.185
0,0,0.0
0,0,0.0
0,0,0.02
0,0,0.02
0,0,0.0
0,0,0.01
0,0,0.0
0,0,0.0
0,0,0.0
0,0,0.03
0,0,0.0
0,0,0.1
0,0,0.005
0,0,0.145
0,0,0.0
0,0,0.0
0,0,0.03
0,0,0.0
0,0,0.0
0,0,0.0
0,0,0.05
0,0,0.005
0,0,0.0
0,0,0.0
0,0,0.0
0,0,0.0
0,0,0.0
0,0,0.0
0,0,0.0
0,0,0.0
0,0,0.0
0,0,0.0
0,0,0.0
1,1,0.9
0,0,0.0
0,0,0.0
0,0,0.0
0,0,0.0
0,0,0.0
0,0,0.0
0,0,0.0
0,0,0.02
0,0,0.0
0,0,0.005
0,0,0.0
0,0,0.0
0,0,0.0
0,0,0.0
0,0,0.045
0,0,0.0
0,0,0.0
0,0,0.0
0,0,0.0
0,0,0.3
0,0,0.0
1,0,0.105
0,0,0.0
0,0,0.01
0,0,0.0
0,0,0.04
0,0,0.0
0,0,0.015
0,0,0.0
0,0,0.225
0,0,0.005
0,0,0.09
0,0,0.0
0,0,0.0
0,0,0.0
0,0,0.0
0,0,0.0
0,0,0.0
0,0,0.005
0,0,0.0
0,0,0.0
0,0,0.0
0,0,0.005
0,0,0.0
0,0,0.0
0,0,0.01
0,0,0.0
0,0,0.01
0,0,0.0
0,0,0.0
1,1,0.685
0,0,0.005
0,0,0.005
0,0,0.0
0,0,0.0
1,1,0.73
0,0,0.07
0,0,0.0
0,0,0.0
0,0,0.0
0,0,0.0
0,0,0.0
0,0,0.015
0,0,0.0
0,0,0.0
0,0,0.0
0,0,0.0
0,0,0.05
0,0,0.0
0,0,0.01
0,0,0.0
0,0,0.0
0,0,0.0
0,0,0.0
0,0,0.0
0,0,0.0
0,0,0.005
0,0,0.01
0,0,0.0
0,0,0.0
0,0,0.0
0,0,0.0
0,0,0.0
0,0,0.0
0,0,0.0
0,0,0.0
0,0,0.0
0,0,0.0
0,0,0.0
0,0,0.0
0,0,0.0
0,0,0.0
1,1,0.93
0,0,0.0
0,0,0.005
0,0,0.005
0,0,0.0
0,0,0.0
0,0,0.0
0,0,0.0
0,0,0.04
0,0,0.0
0,0,0.0
0,0,0.0
0,0,0.0
0,0,0.0
0,0,0.0
0,0,0.0
0,0,0.0
0,0,0.0
0,0,0.095
0,0,0.02
0,0,0.03
0,0,0.0
0,0,0.005
0,0,0.035
0,0,0.0
0,0,0.0
0,0,0.0
0,0,0.01
0,0,0.0
0,0,0.0
0,0,0.005
0,0,0.0
0,0,0.0
0,0,0.0
0,0,0.0
0,0,0.0
0,0,0.0
0,0,0.0
0,0,0.0
0,0,0.0
0,0,0.0
0,0,0.0
0,0,0.0
0,0,0.0
0,0,0.0
0,0,0.0
0,0,0.01
0,0,0.065
0,0,0.0
0,0,0.005
1,1,0.84
0,0,0.005
0,0,0.005
0,0,0.0
0,0,0.0
0,0,0.0
0,0,0.0
0,0,0.055
0,0,0.0
0,0,0.0
0,0,0.0
0,0,0.0
0,0,0.005
0,0,0.0
0,0,0.0
0,0,0.0
0,0,0.0
0,0,0.005
0,0,0.01
0,0,0.0
0,0,0.0
0,0,0.0
0,0,0.0
0,0,0.0
1,1,0.765
0,0,0.005
0,0,0.0
0,0,0.0
0,0,0.0
0,0,0.0
0,0,0.0
0,0,0.015
0,0,0.005
0,0,0.0
0,0,0.0
0,0,0.0
0,0,0.0
0,0,0.025
0,0,0.0
0,0,0.0
0,0,0.05
0,0,0.0
0,0,0.0
0,0,0.0
0,0,0.0
0,0,0.005
0,0,0.0
0,0,0.0
0,0,0.0
0,0,0.0
0,0,0.0
0,0,0.0
0,0,0.0
0,0,0.0
0,0,0.0
0,0,0.0
0,0,0.0
0,0,0.005
0,0,0.0
0,0,0.0
0,0,0.0
0,0,0.0
0,0,0.0
0,0,0.0
0,0,0.0
0,0,0.0
0,0,0.0
1,1,0.79
0,0,0.0
0,0,0.0
0,0,0.005
0,0,0.005
0,0,0.0
0,0,0.0
0,0,0.0
0,0,0.005
0,0,0.005
0,0,0.025
0,0,0.020151515151515153
0,0,0.0
0,0,0.015
0,0,0.0
0,0,0.0
0,0,0.0
0,0,0.0
0,0,0.0
1,1,0.865
0,0,0.005
0,0,0.01
0,0,0.0
0,0,0.0
1,1,0.84
0,0,0.02
0,0,0.01
0,0,0.0
0,0,0.0
0,0,0.0
0,0,0.0
0,0,0.0
0,0,0.0
0,0,0.0
1,1,0.765
0,0,0.0
1,1,0.985
0,0,0.0
0,0,0.005
0,0,0.05
0,0,0.0
0,0,0.0
0,0,0.005
0,0,0.0
0,0,0.0
0,0,0.0
0,0,0.0
0,0,0.0
0,0,0.0
0,0,0.065
0,0,0.0
0,0,0.0
0,0,0.0
0,0,0.0
0,0,0.0
0,0,0.0
0,0,0.0
0,0,0.0
1,1,0.795
0,0,0.01
0,0,0.005
0,0,0.0
0,0,0.02
0,0,0.0
0,0,0.0
0,0,0.0
0,0,0.0
0,0,0.0
0,0,0.0
0,0,0.0
0,0,0.0
0,0,0.0
0,0,0.0
0,0,0.0
0,0,0.0
0,0,0.005
0,0,0.0
0,0,0.0
0,0,0.0
0,0,0.0
0,0,0.005
0,0,0.095
1,1,0.67125
0,0,0.0
0,0,0.02
0,0,0.0
0,0,0.0
0,0,0.0
0,0,0.0
0,0,0.0
0,0,0.0
0,0,0.005
0,0,0.0
0,0,0.0
0,0,0.0
0,0,0.0
0,0,0.16
0,0,0.045
0,0,0.0
0,0,0.0
0,0,0.0
0,0,0.0
0,0,0.0
0,0,0.0
0,0,0.0
0,0,0.005
0,0,0.0
0,0,0.005
0,0,0.0
0,0,0.0
0,0,0.0
0,0,0.0
0,0,0.06
0,0,0.0
0,0,0.0
0,0,0.0
0,0,0.015
1,1,0.95
0,0,0.0
0,0,0.0
0,0,0.0
0,0,0.0
0,0,0.015
0,0,0.005
0,0,0.0
0,0,0.0
0,0,0.0
0,0,0.005
0,0,0.01
0,0,0.0
0,0,0.0
0,0,0.0
0,0,0.0
0,0,0.0
0,0,0.0
0,0,0.1
1,1,0.955
0,0,0.0
0,0,0.0
0,0,0.0
0,0,0.0
0,0,0.0
0,0,0.105
0,0,0.03
0,0,0.0
0,0,0.0
0,0,0.015
0,0,0.0
0,0,0.005
0,0,0.0
0,0,0.0
0,0,0.0
0,0,0.0
0,0,0.0
0,0,0.01
0,0,0.0
0,0,0.07
0,0,0.03
0,0,0.0
0,0,0.0
0,0,0.0
0,0,0.0
0,0,0.0
0,0,0.005
0,0,0.0
0,0,0.0
0,0,0.06
0,0,0.0
0,0,0.0
0,0,0.005
0,0,0.0
0,0,0.0
0,0,0.075
0,0,0.0
0,0,0.0
0,0,0.0
1,1,0.655
0,0,0.0
0,0,0.0
0,0,0.0
0,0,0.085
0,0,0.0
0,0,0.0
0,0,0.0
0,0,0.0
0,0,0.0
0,0,0.0
0,0,0.0
0,0,0.0
0,0,0.0
0,0,0.0
0,0,0.0
0,0,0.0
0,0,0.005
0,0,0.0
0,0,0.0
0,0,0.0
0,0,0.005
0,0,0.0
0,0,0.0
0,0,0.0375
0,0,0.0
0,0,0.0
0,0,0.0
0,0,0.02
0,0,0.0
0,0,0.0
0,0,0.0
0,0,0.0
0,0,0.02
0,0,0.0
0,0,0.0
0,0,0.0
0,0,0.005
0,0,0.0
0,0,0.0
0,0,0.025
0,0,0.0
0,0,0.0
0,0,0.005
0,0,0.26
0,0,0.0
0,0,0.0
0,0,0.0
0,0,0.0
0,0,0.0
0,0,0.005
0,0,0.0
0,0,0.0
0,0,0.0
0,0,0.04
0,0,0.0
0,0,0.0
0,0,0.0
0,0,0.0
0,0,0.0
0,0,0.0
0,0,0.035
0,0,0.0
0,0,0.0
0,0,0.01
0,0,0.11
0,0,0.005
0,0,0.0
0,0,0.0
0,0,0.0
0,0,0.0
0,0,0.0
0,0,0.0
0,0,0.01
0,0,0.0
0,0,0.0
0,0,0.0
0,0,0.0
0,0,0.0
0,0,0.0
0,0,0.0
0,0,0.025
0,0,0.0
0,0,0.0
0,0,0.0
0,0,0.015
0,0,0.0
0,0,0.0
1,1,0.845
0,0,0.0
0,0,0.0
0,0,0.0
0,0,0.0
0,0,0.0
0,0,0.005
0,0,0.0
0,0,0.0
0,0,0.0
0,0,0.0
0,0,0.035
0,0,0.0
0,0,0.01
0,0,0.0
0,0,0.005
0,0,0.0
0,0,0.0
0,0,0.0
0,0,0.0
0,0,0.005
0,0,0.0
0,0,0.0
0,0,0.005
0,0,0.0
0,0,0.0
0,0,0.0
0,0,0.04
0,0,0.0
1,1,0.935
0,0,0.025
0,0,0.0
0,0,0.0
0,0,0.02
0,0,0.0
0,0,0.0
0,0,0.02
0,0,0.005
0,0,0.0
0,0,0.0
0,0,0.04
0,0,0.01
0,0,0.01
0,0,0.0
0,0,0.0
0,0,0.0
0,0,0.0
0,0,0.0
0,0,0.0
0,0,0.010625
0,0,0.0
0,0,0.005
0,0,0.0
0,0,0.0
0,0,0.01
0,0,0.0
0,0,0.0
0,0,0.005
0,0,0.0
0,0,0.0
0,0,0.0
0,0,0.0
0,0,0.005
0,0,0.0
0,0,0.0
0,0,0.005
0,0,0.0
0,0,0.0
0,0,0.0
0,0,0.0
0,0,0.005
0,0,0.0
0,0,0.0
0,0,0.02
0,0,0.0
0,0,0.0
0,0,0.005
0,0,0.005
0,0,0.0
0,0,0.0
0,0,0.0
0,0,0.0
0,0,0.0
0,0,0.0
0,0,0.0
0,0,0.0
0,0,0.0
0,0,0.0
0,0,0.0
0,0,0.0
0,0,0.0
0,0,0.0
0,0,0.0
0,0,0.0
0,0,0.0
0,0,0.005
0,0,0.0
0,0,0.0
0,0,0.01
0,0,0.0
0,0,0.065
0,0,0.0
0,0,0.0
0,0,0.0
0,0,0.02
0,0,0.0
0,0,0.015
0,0,0.015
0,0,0.0
0,0,0.0
0,0,0.015
0,0,0.2
0,0,0.5
0,0,0.005
0,0,0.0
0,0,0.0
0,0,0.0
1,1,0.915
0,0,0.0
0,0,0.0
0,0,0.0
1,1,0.625
0,0,0.0
0,0,0.0
0,0,0.0
0,0,0.0
0,0,0.0
0,0,0.0
0,0,0.0
0,0,0.0
0,0,0.0
0,0,0.005
0,0,0.005
0,0,0.0
0,0,0.01
0,0,0.0
0,0,0.0
0,0,0.0
0,0,0.005
0,0,0.0
0,0,0.0
0,0,0.005
0,0,0.005151515151515152
0,0,0.0
0,0,0.005
0,0,0.0
0,0,0.0
0,0,0.0
0,0,0.0
0,0,0.0
0,0,0.0
0,0,0.0
0,0,0.0
0,0,0.0
0,0,0.0
0,0,0.0
0,0,0.0
0,0,0.0
0,0,0.015
0,0,0.015
0,0,0.0
0,0,0.0
0,0,0.0
0,0,0.0
0,0,0.0
1,1,0.74
0,0,0.0
0,0,0.0
0,0,0.0
0,0,0.0
0,0,0.0
0,0,0.0
0,0,0.0
0,0,0.0
0,0,0.0
0,0,0.0
0,0,0.010151515151515151
0,0,0.0
0,0,0.0
0,0,0.0
0,0,0.01
0,0,0.0
0,0,0.01
0,0,0.0
0,0,0.0
0,0,0.0
0,0,0.0
0,0,0.0
0,0,0.0
0,0,0.0
0,0,0.0
0,0,0.0
0,0,0.0
0,0,0.01
0,0,0.01
0,0,0.005
0,0,0.005
0,0,0.005
0,0,0.005
0,0,0.0
0,0,0.0
0,0,0.0
0,0,0.0
0,0,0.0
1,1,0.93
0,0,0.005
0,0,0.0
0,0,0.0
0,0,0.0
0,0,0.010151515151515151
0,0,0.005
0,0,0.0
0,0,0.0
0,0,0.0
0,0,0.0
0,0,0.015
0,0,0.0
0,0,0.0
1,1,0.84
0,0,0.0
0,0,0.0
0,0,0.0
0,0,0.0
0,0,0.0
0,0,0.0
0,0,0.0
0,0,0.0
0,0,0.0
0,0,0.0
0,0,0.015
0,0,0.0
0,0,0.0
0,0,0.0
0,0,0.0
0,0,0.0
0,0,0.0
0,0,0.0
0,0,0.035
0,0,0.0
0,0,0.0
0,0,0.0
0,0,0.0
0,0,0.0
0,0,0.0
0,0,0.0
0,0,0.0
0,0,0.0
0,0,0.085625
0,0,0.0
0,0,0.0
0,0,0.0
0,0,0.0
0,0,0.0
0,0,0.0
0,0,0.0
